Compétitions;winamax;unibet;betclic;psel;Zebet;pmu;pokerstars;vbet;joa;netbet;genybet;fp
Guadalajara WTA;https://www.winamax.fr/paris-sportifs/sports/5/6/98972;https://www.unibet.fr/sport/tennis/wta-250-guadalajara;https://www.betclic.fr/tennis-s2/guadalajara-wta-c28392;https://www.enligne.parionssport.fdj.fr/paris-tennis/wta/guadalajara?filtre=58508210;https://www.zebet.fr/fr/competition/40280-guadalajara_mexique_simple_dames;https://paris-sportifs.pmu.fr/pari/competition/9432/tennis/wta-guadalajara;https://www.pokerstarssports.fr/#/tennis/competitions/17687745;https://www.vbet.fr/paris-sportifs#/Tennis/Mexico/18261516/14458771;https://www.joabet.fr/fr/sport/paris-sportifs/848/12165;https://www.netbet.fr/tennis/wta/guadalajara-mexique-f;https://sport.genybet.fr/competition/39970-guadalajara-mexique-f;https://www.france-pari.fr/competition/39970-parier-sur-guadalajara-mexique-f
Santiago ATP;https://www.winamax.fr/paris-sportifs/sports/5/3/98356;https://www.unibet.fr/sport/tennis/atp-250-santiago;https://www.betclic.fr/tennis-s2/santiago-atp-c5359;https://www.enligne.parionssport.fdj.fr/paris-tennis/atp/santiago?filtre=58508317;https://www.zebet.fr/fr/competition/36495-santiago_chili;https://paris-sportifs.pmu.fr/pari/competition/10141/tennis/atp-santiago;https://www.pokerstarssports.fr/#/tennis/competitions/17687110;https://www.vbet.fr/paris-sportifs#/Tennis/Chile/1172/14458771;https://www.joabet.fr/fr/sport/paris-sportifs/848/3993347589;https://www.netbet.fr/tennis/atp/santiago-chili?tab=matchs;https://sport.genybet.fr/competition/36495-santiago-chili;https://www.france-pari.fr/competition/36495-parier-sur-santiago-chili
Marseille ATP;https://www.winamax.fr/paris-sportifs/sports/5/3/98362;https://www.unibet.fr/sport/tennis/atp-250-open-13;https://www.betclic.fr/tennis-s2/marseille-atp-c19219;https://www.enligne.parionssport.fdj.fr/paris-tennis/atp/marseille?filtre=58508269;https://www.zebet.fr/fr/competition/40277-marseille_france_simple_messieurs;https://paris-sportifs.pmu.fr/pari/competition/657/tennis/atp-open-13-provence;https://www.pokerstarssports.fr/#/tennis/competitions/17693092;https://www.vbet.fr/paris-sportifs#/Tennis/France/1221/14458771;https://www.joabet.fr/fr/sport/paris-sportifs/848/309;https://www.netbet.fr/tennis/atp/marseille-france?tab=matchs;https://sport.genybet.fr/competition/39963-marseille-france;https://www.france-pari.fr/competition/39963-parier-sur-marseille-France
Doha ATP;https://www.winamax.fr/paris-sportifs/sports/5/3/98350;https://www.unibet.fr/sport/tennis/atp-250-doha;https://www.betclic.fr/tennis-s2/doha-atp-c371;https://www.enligne.parionssport.fdj.fr/paris-tennis/atp/doha-h?filtre=58508046;https://www.zebet.fr/fr/competition/40270-doha_qatar_simple_messieurs;https://paris-sportifs.pmu.fr/pari/competition/537/tennis/atp-doha;https://www.pokerstarssports.fr/#/tennis/competitions/17682951;https://www.vbet.fr/paris-sportifs#/Tennis/Qatar/1314/14458771;https://www.joabet.fr/fr/sport/paris-sportifs/848/300;https://www.netbet.fr/tennis/atp/doha-qatar?tab=matchs;https://sport.genybet.fr/competition/39956-doha-qatar;https://www.france-pari.fr/competition/39956-parier-sur-doha-qatar
Dubaï WTA;https://www.winamax.fr/paris-sportifs/sports/5/6/98964;https://www.unibet.fr/sport/tennis/wta-1000-dubai;https://www.betclic.fr/tennis-s2/dubai-wta-c74;https://www.enligne.parionssport.fdj.fr/paris-tennis/wta/dubai-f?filtre=58507816;https://www.zebet.fr/fr/competition/40266-dubai_eau_simple_dames;https://paris-sportifs.pmu.fr/pari/competition/2438/tennis/wta-dubai;https://www.pokerstarssports.fr/#/tennis/competitions/17681177;https://www.vbet.fr/paris-sportifs#/Tennis/UAE/1359/14458771;https://www.joabet.fr/fr/sport/paris-sportifs/848/391;https://www.netbet.fr/tennis/wta/dubai-emirats-arabes-unis-f?tab=matchs;https://sport.genybet.fr/competition/39952-dubai-emirats-arabes-unis-f;https://www.france-pari.fr/competition/39952-parier-sur-dubai-emirats-arabes-unis-f
Acapulco ATP;https://www.winamax.fr/paris-sportifs/sports/5/3/98370;https://www.unibet.fr/sport/tennis/atp-500-acapulco;https://www.betclic.fr/tennis-s2/acapulco-atp-c1061;https://www.enligne.parionssport.fdj.fr/paris-tennis/atp/acapulco?filtre=58511156;https://www.zebet.fr/fr/competition/36511-acapulco_mexique;https://paris-sportifs.pmu.fr/pari/competition/545/tennis/atp-acapulco;https://www.pokerstarssports.fr/#/tennis/competitions/17785257;https://www.vbet.fr/paris-sportifs#/Tennis/Mexico/1287/14458771;https://www.joabet.fr/fr/sport/paris-sportifs/848/313;https://www.netbet.fr/tennis/atp/acapulco-mexique;https://sport.genybet.fr/competition/36511-acapulco-mexique;https://www.france-pari.fr/competition/36511-parier-sur-acapulco-mexique
St Pétersbourg WTA;https://www.winamax.fr/paris-sportifs/sports/5/6/98990;https://www.unibet.fr/sport/tennis/wta-500-saint-petersbourg;https://www.betclic.fr/tennis-s2/st-petersbourg-wta-c20711;https://www.enligne.parionssport.fdj.fr/paris-tennis/wta/st-petersbourg?filtre=58511248;https://www.zebet.fr/fr/competition/40383-st_petersbourg_russie_simple_dames;https://paris-sportifs.pmu.fr/pari/competition/7755/tennis/wta-saint-p%C3%A9tersbourg;https://www.pokerstarssports.fr/#/tennis/competitions/17779126;https://www.vbet.fr/paris-sportifs#/Tennis/Russia/15343/14458771;https://www.joabet.fr/fr/sport/paris-sportifs/848/7958;https://www.netbet.fr/tennis/wta/saint-petersbourg-russie-f;https://sport.genybet.fr/competition/40078-st-petersbourg-russie-f;https://www.france-pari.fr/competition/40078-parier-sur-st-petersbourg-russie-f
Monterrey WTA;https://www.winamax.fr/paris-sportifs/sports/5/6/98984;https://www.unibet.fr/sport/tennis/wta-250-monterrey;https://www.betclic.fr/tennis-s2/monterrey-wta-c2705;https://www.enligne.parionssport.fdj.fr/paris-tennis/wta/monterrey?filtre=58511222;https://www.zebet.fr/fr/competition/36705-monterrey_mexique_f;https://paris-sportifs.pmu.fr/pari/competition/829/tennis/wta-monterrey;https://www.pokerstarssports.fr/#/tennis/competitions/17785424;https://www.vbet.fr/paris-sportifs#/Tennis/Mexico/1280/14458771;https://www.joabet.fr/fr/sport/paris-sportifs/848/1477;https://www.netbet.fr/tennis/wta/monterrey-mexique-f;https://sport.genybet.fr/competition/36705-monterrey-mexique-f;https://www.france-pari.fr/competition/36705-parier-sur-monterrey-mexique-f
Dubaï ATP;https://www.winamax.fr/paris-sportifs/sports/5/3/98378;https://www.unibet.fr/sport/tennis/atp-500-dubai;https://www.betclic.fr/tennis-s2/dubai-atp-c78;https://www.enligne.parionssport.fdj.fr/paris-tennis/atp/dubai-h?filtre=58510855;https://www.zebet.fr/fr/competition/36487-dubai_emirats_arabes_unis;https://paris-sportifs.pmu.fr/pari/competition/543/tennis/atp-dubai;https://www.pokerstarssports.fr/#/tennis/competitions/17779184;https://www.vbet.fr/paris-sportifs#/Tennis/UAE/1358/14458771;https://www.joabet.fr/fr/sport/paris-sportifs/848/316;https://www.netbet.fr/tennis/atp/dubai-emirats-arabes-unis?tab=matchs;https://sport.genybet.fr/competition/36487-dubai-emirats-arabes-unis;https://www.france-pari.fr/competition/36487-parier-sur-dubai-emirats-arabes-unis
Miami WTA;https://www.winamax.fr/paris-sportifs/sports/5/6/98996;https://www.unibet.fr/sport/tennis/wta-1000-miami;https://www.betclic.fr/tennis-s2/masters-de-miami-wta-c91;https://www.enligne.parionssport.fdj.fr/paris-tennis/wta/miami-f?filtre=58514474;https://www.zebet.fr/fr/competition/40442-miami_usa_simple_dames;https://paris-sportifs.pmu.fr/pari/competition/730/tennis/wta-miami;https://www.pokerstarssports.fr/#/tennis/competitions/17873265;https://www.vbet.fr/paris-sportifs#/Tennis/USA/1370/14458771;https://www.joabet.fr/fr/sport/paris-sportifs/848/380;https://www.netbet.fr/tennis/wta/miami-etats-unis-f;https://sport.genybet.fr/competition/40229-miami-etats-unis-f;https://www.france-pari.fr/competition/40229-parier-sur-miami-etats-unis-f
Miami ATP;;https://www.unibet.fr/sport/tennis/atp-1000-miami;https://www.betclic.fr/tennis-s2/masters-de-miami-atp-c90;https://www.enligne.parionssport.fdj.fr/paris-tennis/atp/miami-h?filtre=58514710;https://www.zebet.fr/fr/competition/40450-miami_usa_simple_messieurs;https://paris-sportifs.pmu.fr/pari/competition/499/tennis/masters-1000-miami;;https://www.vbet.fr/paris-sportifs?__cf_chl_jschl_tk__=ede3338c3669a1367bbad3a7b78ab9e54ebabe77-1616481875-0-ATU7MwBz1mz6QMOoU9y3o6Bnatv3ZJVrkMtnXfGK14dWNIQotnPn-O5WjA2BnqOl5zd0YvKlnr09bdnumLOmUB3crgL-slzy1bq3vSSt7YI2nwV9HTLBW6GW6cVrWiiHx456zOE8Ju6LYKFbqWagbjehMP4xuUHfd-hdTSB5CYuiy_N3Fa6QmfZ7Xc9ecrdvGi0h3_VVkDcGIogo3cPzVzYGWJ3owypIoRGbwaQYZBc_UqzRi4oUA-dRnI1URpz0b8H9zF_XaUthS6wrAtXMVlMUD2xYXl75UVyJy-6LEoQgPbI_RhJ6NohNQWKWurdYJ7LGcb3iQgOvmaNJsKWF1ME#/Tennis/USA/1388/17591529;https://www.joabet.fr/fr/sport/paris-sportifs/848/319;https://www.netbet.fr/tennis/atp/miami-etats-unis;https://sport.genybet.fr/competition/40244-miami-etats-unis;https://www.france-pari.fr/competition/40244-parier-sur-miami-etats-unis
Cagliari ATP;https://www.winamax.fr/paris-sportifs/sports/5/3/100456;https://www.unibet.fr/sport/tennis/atp-sardaigne;https://www.betclic.fr/tennis-s2/sardaigne-atp-c27910;https://www.enligne.parionssport.fdj.fr/paris-tennis/atp/cagliari?filtre=58520183;https://www.zebet.fr/fr/competition/40553-atp_sardaigne_italie_simple_hommes;https://paris-sportifs.pmu.fr/pari/competition/10804/tennis/atp-cagliari;https://www.pokerstarssports.fr/#/tennis/competitions/18048115;https://www.vbet.fr/paris-sportifs#/Tennis/Italy/18276228/14458771;https://www.joabet.fr/fr/sport/paris-sportifs/848/1836480650;https://www.netbet.fr/tennis/atp/cagliari-italie?tab=matchs;https://sport.genybet.fr/competition/40393-cagliari-italie;https://www.france-pari.fr/competition/40393-parier-sur-cagliari-italie
Marbella ATP;https://www.winamax.fr/paris-sportifs/sports/5/3/99448;https://www.unibet.fr/sport/tennis/atp-250-andalousie;https://www.betclic.fr/tennis-s2/marbella-atp-c17034;https://www.enligne.parionssport.fdj.fr/paris-tennis/atp/marbella?filtre=58521783;https://www.zebet.fr/fr/competition/40558-marbella_espagne_simple_messieurs;https://paris-sportifs.pmu.fr/pari/competition/10805/tennis/atp-marbella;https://www.pokerstarssports.fr/#/tennis/competitions/18051160;https://www.vbet.fr/paris-sportifs#/Tennis/Spain/18277646/14458771;https://www.joabet.fr/fr/sport/paris-sportifs/848/2059399031;https://www.netbet.fr/tennis/atp/marbella-espagne?tab=matchs;https://sport.genybet.fr/competition/40399-marbella-espagne;https://www.france-pari.fr/competition/40399-parier-sur-marbella-espagne
Charleston WTA;https://www.winamax.fr/paris-sportifs/sports/5/6/99002;https://www.unibet.fr/sport/tennis/wta-500-charleston;https://www.betclic.fr/tennis-s2/charleston-wta-c100;https://www.enligne.parionssport.fdj.fr/paris-tennis/wta/charleston?filtre=58521841;https://www.zebet.fr/fr/competition/40564-charleston_usa_simple_dames;https://paris-sportifs.pmu.fr/pari/competition/551/tennis/wta-charleston;https://www.pokerstarssports.fr/#/tennis/competitions/18042356;https://www.vbet.fr/paris-sportifs#/Tennis/USA/1373/14458771;https://www.joabet.fr/fr/sport/paris-sportifs/848/1885468868;https://www.netbet.fr/tennis/wta/charleston-etats-unis-f;https://sport.genybet.fr/competition/40407-charleston-etats-unis-f;https://www.france-pari.fr/competition/40407-parier-sur-charleston-etats-unis-f
Bogota WTA;https://www.winamax.fr/paris-sportifs/sports/5/6/99008;https://www.unibet.fr/sport/tennis/wta-250-bogota;https://www.betclic.fr/tennis-s2/bogota-wta-c19376;https://www.enligne.parionssport.fdj.fr/paris-tennis/wta/bogota?filtre=58521804;https://www.zebet.fr/fr/competition/40563-bogota_colombie_simple_dames;https://paris-sportifs.pmu.fr/pari/competition/542/tennis/wta-bogota;https://www.pokerstarssports.fr/#/tennis/competitions/18041451;https://www.vbet.fr/paris-sportifs#/Tennis/Colombia/1192/14458771;https://www.joabet.fr/fr/sport/paris-sportifs/848/1901170894;https://www.netbet.fr/tennis/wta/bogota-colombie-f;https://sport.genybet.fr/competition/40406-bogota-colombie-f;https://www.france-pari.fr/competition/40406-parier-sur-bogota-colombie-f
Monte Carlo ATP;https://www.winamax.fr/paris-sportifs/sports/5/3/98640;https://www.unibet.fr/sport/tennis/atp-1000-monte-carlo;https://www.betclic.fr/tennis-s2/monte-carlo-atp-c106;https://www.enligne.parionssport.fdj.fr/paris-tennis/atp/monte-carlo?filtre=58523439;https://www.zebet.fr/fr/competition/40615-monte_carlo_monaco_simple_messieurs;https://paris-sportifs.pmu.fr/pari/competition/459/tennis/masters-1000-monte-carlo;https://www.pokerstarssports.fr/#/tennis/competitions/18135662;;https://www.joabet.fr/fr/sport/paris-sportifs/848/1901144509;https://www.netbet.fr/tennis/atp/monte-carlo-monaco?tab=matchs;https://sport.genybet.fr/competition/40474-monte-carlo-monaco;https://www.france-pari.fr/competition/40474-parier-sur-monte-carlo-monaco
Charlestion 2 WTA;https://www.winamax.fr/paris-sportifs/sports/5/6/101350;https://www.unibet.fr/sport/tennis/wta-250-charleston/wta-250-charleston-musc-health-womens-open;https://www.betclic.fr/tennis-s2/charleston-2-wta-c28536;https://www.enligne.parionssport.fdj.fr/paris-tennis/wta/charleston-2?filtre=58523725;https://www.zebet.fr/fr/competition/40633-wta_charleston_2_usa_femmes_singles;https://paris-sportifs.pmu.fr/pari/competition/551/tennis/wta-charleston;https://www.pokerstarssports.fr/#/tennis/competitions/18179129;;https://www.joabet.fr/fr/sport/paris-sportifs/848/3847134520;https://www.netbet.fr/tennis/wta/charleston-2-etats-unis-f;https://sport.genybet.fr/competition/40496-charleston-2-etats-unis-f;https://www.france-pari.fr/competition/40496-parier-sur-charleston-2-etats-unis-f
